{"cameraMode":{"drawMode":0,"name":"Shaded","section":"Shading Mode"},"sceneLighting":true,"audioPlay":false,"sceneViewState":{"showFog":true,"showMaterialUpdate":true,"showSkybox":true,"showFlares":false,"showImageEffects":true,"showParticleSystems":true},"in2DMode":false,"pivot":{"x":-10.518659591674805,"y":-9.870084762573243,"z":-3.9756064414978029},"rotation":{"x":0.18780525028705598,"y":-0.7845689654350281,"z":0.29094722867012026,"w":0.5154454112052918},"size":10.0,"orthographic":false}